date,type,title,category,goal,status,slug,facts,notes,research
2025-10-01,pillar,Digital Transformation for SMEs – The Roadmap,digital-strategy,Book a Consultation,published,sme-digital-transformation-roadmap,,,
2025-10-17,regular,Why Every Business Needs a Strong Digital Presence in 2025,digital-strategy,Awareness,published,why-every-business-needs-a-strong-digital-presence-in-2025,,,
2025-10-18,regular,Custom Software vs Off-the-Shelf: Which Is Right for Your Business?,software-development,Awareness,published,custom-vs-off-the-shelf-software-right-fit,,,
2025-10-18,pillar,Custom Software Development – Complete Guide,software-development,Download Checklist,published,custom-software-development-definitive-guide,,,
2025-10-20,regular,AI in Business: Practical Use Cases for SMEs,ai-automation,Learn More,published,ai-in-business-practical-use-cases-for-growing-smes,,,
2025-10-20,regular,What Clients Should Expect From a Software House Partnership,case-studies,Trust Building,published,what-clients-should-expect-in-a-software-house-partnership,,,
2025-10-22,pillar,AI & Automation for Businesses,ai-automation,Book a Consultation,published,ai-automation-for-businesses,,,
2025-10-22,regular,How Great UI/UX Design Impacts Business Growth,design-ux,Awareness,published,ui-ux-design-business-growth,,,
2025-10-22,regular,From Idea to Launch: Our End-to-End Development Approach,software-development,Case Study Link,published,from-idea-to-launch-end-to-end-development-approach,,,
2026-09-21,pillar,The Business Value of Great UX Design,design-ux,Download Guide,published,business-value-of-ux-design,,,
2025-10-26,regular,The Hidden Cost of Poor Software Choices,digital-strategy,Awareness,published,hidden-cost-of-poor-software-choices-for-growth,,,
2026-09-23,regular,Case Study: How a Simple Website Transformed a Small Business,case-studies,Proof,todo,,,,
2026-09-25,pillar,Agile & Lean Development for Businesses,software-development,Book a Demo,published,agile-lean-development-for-businesses,,,
2026-09-27,regular,MVP Development: Why Start Small to Scale Fast,software-development,Awareness,published,mvp-development-start-small-scale-fast,,,
2026-09-29,regular,Designing for Accessibility: Why Inclusive Design Wins Customers,design-ux,Trust Building,todo,,,,
2026-10-01,pillar,Measuring Digital ROI & Growth,digital-strategy,Download ROI Template,todo,,,,
2026-10-03,regular,Agile vs Waterfall: Which Works Best for Your Business?,software-development,Comparison,todo,,,,
2026-10-05,regular,Cloud Adoption: Why It Matters for Scalability,digital-strategy,Awareness,todo,,,,
2026-10-07,regular,How Digital Transformation Boosts SMEs in Indonesia,digital-strategy,Localization Focus,todo,,,,
2026-10-09,regular,Data-Driven Decision Making for Modern Companies,digital-strategy,Awareness,todo,,,,
2026-10-11,regular,Case Study: Scaling Operations with Automation,case-studies,Proof,todo,,,,
2026-10-13,regular,Client Insights: What Businesses Really Want in Software Partnerships,case-studies,Trust,todo,,,,
2026-10-15,regular,UX in Enterprise Software: Making Complex Systems Simple,design-ux,Authority,todo,,,,
2026-10-17,pillar,Design Systems for Scalable Products,design-ux,Ebook Download,todo,,,,
2026-10-19,regular,How to Measure ROI on Digital Investments,digital-strategy,Conversion,todo,,,,
2026-10-21,regular,Continuous Integration & Delivery Explained Simply,software-development,Awareness,todo,,,,
2026-10-23,pillar,Software Architecture & Future-Proofing,software-development,Book a Consultation,todo,,,,
2026-10-25,regular,Microservices vs Monoliths: Which Architecture Fits Your Business,software-development,Awareness,todo,,,,
2026-10-27,regular,Security by Design: Building Software That Lasts,software-development,Trust,todo,,,,
2026-10-29,pillar,Predictive Analytics for Decision-Making,ai-automation,Learn More,todo,,,,
2026-10-31,regular,Generative AI for Business: What's Possible in 2025,ai-automation,Thought Leadership,todo,,,,
2026-11-02,regular,The ROI of Design Systems in Scaling Products,design-ux,Awareness,todo,,,,
2026-11-04,regular,Case Study: Custom Software That Saved 30% in Operational Costs,case-studies,Proof,todo,,,,
2026-11-06,regular,The Role of UI Consistency in Building Brand Trust,design-ux,Awareness,todo,,,,
2026-11-08,regular,Remote Work Tools: Choosing the Right Platforms,digital-strategy,SEO,todo,,,,
2026-11-10,pillar,Behind the Build – How We Solve Complex Projects,case-studies,Trust,todo,,,,
2026-11-12,regular,Future-Proofing Your Software: What to Plan for Today,software-development,Consultation,todo,,,,
2026-11-14,regular,Predictive Analytics: Turning Data into Action,ai-automation,Awareness,todo,,,,
2026-11-16,regular,AI for Marketing: Personalization at Scale,ai-automation,Awareness,todo,,,,
2026-11-18,regular,Automation in Finance: From Invoices to Forecasting,ai-automation,Awareness,todo,,,,
2026-11-20,regular,Case Study: Building Scalable Infrastructure for a Fast-Growing Startup,case-studies,Proof,todo,,,,
2026-11-22,regular,Ethical AI: Balancing Innovation with Responsibility,ai-automation,Awareness,todo,,,,
2026-11-24,regular,Designing for Longevity: Product Decisions That Last,design-ux,Awareness,todo,,,,
2026-11-26,regular,The Real Cost of Poor System Architecture,software-development,Awareness,todo,,,,
2026-11-28,regular,Behind the Scenes: Technical Consulting in Practice,case-studies,Proof,todo,,,,
2026-11-30,regular,Building Resilience Through Smart Tech Adoption,digital-strategy,Authority,todo,,,,
2026-12-02,regular,Microservices vs Monoliths – A CTO Perspective,software-development,Awareness,todo,,,,
2026-12-04,pillar,Building a Digital-First Culture,digital-strategy,Lead Nurture,todo,,,,
2026-12-06,regular,What It Means to Be a Digital-First Company,digital-strategy,Awareness,todo,,,,
2026-12-08,regular,How to Encourage Innovation Within Your Team,digital-strategy,Engagement,todo,,,,
2026-12-10,regular,The Role of Leadership in Digital Transformation,digital-strategy,Authority,todo,,,,
2026-12-12,regular,How SMEs Can Compete with Larger Corporations Using Tech,digital-strategy,Awareness,todo,,,,
2026-12-14,regular,Sustainability in Tech: Why Green IT Matters,digital-strategy,Awareness,todo,,,,
2026-12-16,regular,Aligning Tech Strategy with Business Vision,digital-strategy,Authority,todo,,,,
2026-12-18,regular,Case Study: How Technology Improved Customer Retention,case-studies,Proof,todo,,,,
2026-12-20,regular,10 Signs Your Business Is Ready to Scale Digitally,digital-strategy,Awareness,todo,,,,
2026-12-22,regular,Building Employee Buy-In for Change,digital-strategy,Engagement,todo,,,,
2026-12-24,regular,Future-Proofing Teams with Continuous Learning,digital-strategy,Awareness,todo,,,,
2026-12-26,regular,How to Build a Culture That Adapts Fast,digital-strategy,Authority,todo,,,,
2026-12-28,pillar,The Future of Business Technology,digital-strategy,Thought Leadership,todo,,,,
2026-12-30,regular,The Future of Digital-First Businesses,digital-strategy,Authority,todo,,,,
2027-01-01,regular,Cross-Border Digital Growth: Expanding Beyond Your Market,digital-strategy,Authority,todo,,,,
2027-01-03,regular,Trends Defining Enterprise Technology in 2026,software-development,Authority,todo,,,,
2027-01-05,regular,Building Global Teams through Remote Collaboration,digital-strategy,Authority,todo,,,,
2027-01-07,regular,How to Audit Your Digital Infrastructure,software-development,Consultation,todo,,,,
2027-01-09,regular,Reimagining the Customer Experience with AI,ai-automation,Awareness,todo,,,,
2027-01-11,regular,Data Privacy as a Competitive Advantage,ai-automation,Awareness,todo,,,,
2027-01-13,regular,The Evolution of Software Outsourcing,software-development,Awareness,todo,,,,
2027-01-15,regular,Case Study: Scaling Across Markets with Smart Technology,case-studies,Proof,todo,,,,
2027-01-17,regular,How Arktik Shapes the Future of Digital Innovation,case-studies,Authority,todo,,,,
2027-01-19,regular,Final Recap: Our Journey to Digital Impact,digital-strategy,Branding,todo,,,,
